station_id,ligne_id,station_place,ligne_num
78501,1,JAMAA EL FNA,L1N
78502,1,KOUTOUBIA,L1N
78503,1,HOTEL DE VILLE,L1N
78504,1,R.P BERDII,L1N
78505,1,CAREE EDEN,L1N
78506,1,PL ABDELMOUMEN,L1N
78507,1,PLACE D'ARMES,L1N
78508,1,F S T,L1N
78509,1,SEMIRAMIS,L1N
78510,1,DR KUDIA,L1N
78511,1,MCDO,L1N
78512,1,CAFE AMINE,L1N
78513,1,FAC SEMLALIA,L1N
78514,1,ROUIDATE,L1N
78501,2,JAMAA EL FNA,L2N
78502,2,KOUTOUBIA,L2N
78503,2,HOTEL DE VILLE,L2N
78555,2,BAB LAARISSA,L2N
78518,2,BAB DOUKALA,L2N
78620,2,GRAND POSTE,L2N
78621,2,OFFICE HAOUZE,L2N
79085,2,GARE ONCF,L2N
78622,2,GROUPE HONDA,L2N
78623,2,AR MENARA,L2N
78624,2,AIN MEZWAR,L2N
78625,2,IBN TOUMERT,L2N
78626,2,SOUK AZLI L5,L2N
78627,2,USINE COCACOLA,L2N
78628,2,PISCINE MASSIRA,L2N
78629,2,DR IZIKI,L2N
78630,2,AV ESSAOUIRA,L2N
78631,2,ST OLIBYA,L2N
78786,3,QWASS,L4N
78787,3,CLINIQUE AEROPORT,L4N
78788,3,AEOROPORT,L4N
78789,3,BOUAKAZ,L4N
78790,3,JARDIN MENARA,L4N
78791,3,MENARA MALL,L4N
79013,3,LE MERIDIEN,L4N
79014,3,LYCEE HASSAN 2,L4N
78661,3,OFFICE HAOUZE,L4N
78662,3,GRAND POSTE,L4N
78595,3,BAB DOUKALA,L4N
78531,3,HOTEL DE VILLE,L4N
78502,3,KOUTOUBIA,L4N
78501,4,JAMAA EL FNA,L3N
78502,4,KOUTOUBIA,L3N
78503,4,HOTEL DE VILLE,L3N
78555,4,BAB LAARISSA,L3N
78518,4,BAB DOUKALA,L3N
78596,4,BOUKAR. BAB DOUKALA,L3N
78597,4,ALFA 2000,L3N
78598,4,HOTEL REDOUANE,L3N
78599,4,RUE PALESTINE,L3N
78600,4,PSCINE MUNICIPALE,L3N
78809,4,PH NASR,L3N
78744,4,AMERCHICH,L3N
78879,4,ALWARDA,L3N
78723,4,CMR ISSIL,L3N
78725,4,MALIZIA 2,L3N
78726,4,MARJANE,L3N
78866,4,QUARTIER SAADA,L3N
735001,5,BAB GHMAT DEPART,L321
735002,5,AIN SLIM DWAR 1,L321
735003,5,AIN SLIM DWAR 2,L321
79604,6,MINISTRE TRANS DIV TAHNAOUT,L 40
79605,6,PROVINCE TAHNAOUT,L 40
79606,6,ALI BOUFARSS,L 40
79607,6,TAHNAOUT ANAPEC,L 40
79821,6,HOPITAL MED 5,L 40
72970,6,ZMOUMA,L 40
79822,6,DOUA SOR,L 40
79823,6,ZRAYB,L 40
79824,6,EZRIBA TADRARA,L 40
79825,6,OUED ISSIL 3,L 40
79826,6,DR BELGHALI,L 40
79827,6,AMEKHLIJ,L 40
79828,6,ESSBITI,L 40
79829,6,MOSQUE AAGRAB,L 40
79252,6,ENTREE OURIKA,L 40
79253,6,ARTISANA,L 40
79254,6,PH CENTRAL OURIKA,L 40
79255,6,OURIKA CENTRE,L 40
79256,6,TNIN OURIKA,L 40
79830,6,DOUAR LKHMIS,L 40
79800,6,TAMAZOUZT,L 40
72969,6,ENTREE TAMAZOUZT V,L 40
72968,6,RESTAURANT ASOUNFOU V,L 40
79801,6,CENTRE FORMATION DE FEMME,L 40
79802,6,OUSSOUSS,L 40
79803,6,SEDRA,L 40
79804,6,RTE AITOURIR,L 40
79831,6,BOUZALLOUM,L 40
79832,6,LGUEMRI,L 40
79833,6,GADJEN,L 40
79834,6,IGUERFEROUANE,L 40
79835,6,IGOUDAR,L 40
79836,6,ZAOUIA,L 40
79837,6,ZAOUIA 2,L 40
72971,6,AMANOUSS,L 40
79838,6,AIT FASSKA,L 40
79839,6,DOUAR LMARSS,L 40
79840,6,DR MY ALI,L 40
79841,6,SAHAM ASSURANCES,L 40
79842,6,SOUK AIT OURIR,L 40
79843,6,HASSAN SAGHIR,L 40
79458,6,PARQUE BUS AIT OURIR,L 40
69632,7,MARCHE SAADA,L332
69633,7,LWAD,L332
69634,7,MOULAY LYAMIN,L332
69635,7,LHANOUT,L332
69636,7,HDIDOUR,L332
69637,7,ECOLE HOUIDRA,L332
69638,7,HOUIDRA,L332
69639,7,DOUAR DRAOUA,L332
69640,7,MOUSQUE JADID,L332
69641,7,MOUSQUE LKDIM,L332
69642,7,DAR ZOUFRI,L332
69643,7,OULAD BEN SBAA,L332
72997,7,CENTRE OULAD BEN SBAA,L332
79129,7,SOUK OUDAYA,L332
78501,8,JAMAA EL FNA,L1
78502,8,KOUTOUBIA,L1
78503,8,HOTEL DE VILLE,L1
78504,8,R.P BERDII,L1
78505,8,CAREE EDEN,L1
78506,8,PL ABDELMOUMEN,L1
78507,8,PLACE D'ARMES,L1
78508,8,F S T,L1
78509,8,SEMIRAMIS,L1
78510,8,DR KUDIA,L1
78511,8,MCDO,L1
78512,8,CAFE AMINE,L1
78513,8,FAC SEMLALIA,L1
78514,8,ROUIDATE,L1
78501,9,JAMAA EL FNA,L2
78502,9,KOUTOUBIA,L2
78503,9,HOTEL DE VILLE,L2
78555,9,BAB LAARISSA,L2
78518,9,BAB DOUKALA,L2
78620,9,GRAND POSTE,L2
78621,9,OFFICE HAOUZE,L2
79085,9,GARE ONCF,L2
78622,9,GROUPE HONDA,L2
78623,9,AR MENARA,L2
78624,9,AIN MEZWAR,L2
78625,9,IBN TOUMERT,L2
78626,9,SOUK AZLI L5,L2
78627,9,USINE COCACOLA,L2
78628,9,PISCINE MASSIRA,L2
78629,9,DR IZIKI,L2
78630,9,AV ESSAOUIRA,L2
78631,9,ST OLIBYA,L2
78501,10,JAMAA EL FNA,L3
78502,10,KOUTOUBIA,L3
78503,10,HOTEL DE VILLE,L3
78555,10,BAB LAARISSA,L3
78518,10,BAB DOUKALA,L3
78596,10,BOUKAR. BAB DOUKALA,L3
78597,10,ALFA 2000,L3
78598,10,HOTEL REDOUANE,L3
78599,10,RUE PALESTINE,L3
78600,10,PSCINE MUNICIPALE,L3
78809,10,PH NASR,L3
78744,10,AMERCHICH,L3
78879,10,ALWARDA,L3
78723,10,CMR ISSIL,L3
78725,10,MALIZIA 2,L3
78726,10,MARJANE,L3
78866,10,QUARTIER SAADA,L3
78786,11,QWASS,L4
78787,11,CLINIQUE AEROPORT,L4
78788,11,AEOROPORT,L4
78789,11,BOUAKAZ,L4
78790,11,JARDIN MENARA,L4
78791,11,MENARA MALL,L4
79013,11,LE MERIDIEN,L4
79014,11,LYCEE HASSAN 2,L4
78661,11,OFFICE HAOUZE,L4
78662,11,GRAND POSTE,L4
78595,11,BAB DOUKALA,L4
78531,11,HOTEL DE VILLE,L4
78502,11,KOUTOUBIA,L4
78501,12,JAMAA EL FNA,L5
78502,12,KOUTOUBIA,L5
78503,12,HOTEL DE VILLE,L5
78555,12,BAB LAARISSA,L5
78518,12,BAB DOUKALA,L5
78620,12,GRAND POSTE,L5
78621,12,OFFICE HAOUZE,L5
79085,12,GARE ONCF,L5
78622,12,GROUPE HONDA,L5
78623,12,AR MENARA,L5
78624,12,AIN MEZWAR,L5
78625,12,IBN TOUMERT,L5
78626,12,SOUK AZLI L5,L5
78627,12,USINE COCACOLA,L5
78628,12,PISCINE MASSIRA,L5
78629,12,DR IZIKI,L5
78630,12,AV ESSAOUIRA,L5
78631,12,ST OLIBYA,L5
78632,12,OP TAFILELT,L5
78633,12,LY SALAH EDDINE,L5
78634,12,PH HAY HASSANI,L5
78635,12,CAFE EL MANZEH,L5
78636,12,MASS 1 C,L5
78637,12,MASS 2,L5
78638,12,RP DOHA,L5
78639,12,DOHA CENTRE,L5
78640,12,ENTREE DOHA,L5
78576,12,DOHA TERMINUS,L5
78663,13,BAB GHMAT TERMINUS,L6
78664,13,BAB GHMAT,L6
78665,13,LMPPE,L6
78666,13,BAB AHMER,L6
78667,13,LEMSELAH,L6
78668,13,SOUK SYBA,L6
78669,13,AIT AL ARIF,L6
78670,13,IMOUZER,L6
78671,13,HAY RYAD,L6
78672,13,BAB AGDAL,L6
78673,13,SIDI AMARA,L6
78674,13,BAB KSIBA,L6
78675,13,BAB RAB,L6
78676,13,SIDI MIMOUN,L6
78502,13,KOUTOUBIA,L6
78503,13,HOTEL DE VILLE,L6
78555,13,BAB LAARISSA,L6
78518,13,BAB DOUKALA,L6
78505,13,CAREE EDEN,L6
78506,13,PL ABDELMOUMEN,L6
78507,13,PLACE D'ARMES,L6
78557,13,HOPITAL AVICENNE,L6
78558,13,QUARTIER BAYARD,L6
78559,13,HAY ZAYTOUN 2,L6
78560,13,HAY ZAYTOUN,L6
78677,13,SIDI MBARK,L6
78678,13,QUARTIER HAOUZE,L6
78679,13,ECOLE QODS,L6
78680,13,DOUAR LAHRACHE,L6
78681,13,ACIMA,L6
78682,13,BANQUE POPULAIRE MASSIRA 1,L6
78683,13,LY MY RCHID,L6
78684,13,OP FARACHA,L6
78685,13,MASSIRA 3,L6
78706,14,TERMINU L7,L7
78669,14,AIT AL ARIF,L7
78707,14,TERRAIN SYBA,L7
78708,14,CLINIQUE LEMSALAH,L7
78704,14,BAB AHMER,L7
78705,14,LMPPE,L7
69694,14,BAB GHMAT,L7
78709,14,BAB GHMAT 2,L7
78710,14,BAB AYLAN,L7
78711,14,LOADA SAIDIA,L7
78712,14,DAR DBAGH,L7
78713,14,QCHICH,L7
78714,14,BAB LKHMIS,L7
78715,14,PH ARIHA,L7
78613,14,SPANA,L7
78614,14,TAQADOM,L7
78615,14,PSCINE MUNICIPALE,L7
78616,14,RUE PALESTINE,L7
78716,14,PAIN QUOTIDIEN,L7
78717,14,ENCG,L7
78718,14,PH ASSIF,L7
78719,14,BOCADILLOS CHOAIB,L7
78720,14,AMERCHICH,L7
78721,14,RUE UNIVRSITAIRE,L7
78722,14,AL BADII,L7
78723,14,CMR ISSIL,L7
78724,14,MALIZIA,L7
78725,14,MALIZIA 2,L7
78726,14,MARJANE,L7
78727,14,DIAR MARJANE,L7
78728,14,SAADA,L7
78729,14,BANQUE POPULAIRE,L7
78730,14,IZDIHAR,L7
78731,14,ALFADL,L7
78732,14,ENTREÚ MARCHÚ DE GROS,L7
78733,14,MARCHÚ GROS TERMINUS,L7
78686,15,MASSIRA 3,L9
78687,15,OP FARACHA,L9
78688,15,LY MY RCHID,L9
78689,15,BANQUE POPULAIRE MASSIRA 1,L9
78690,15,ACIMA,L9
78691,15,DOUAR LAHRACHE,L9
78692,15,ECOLE QODS,L9
78693,15,QUARTIER HAOUZE,L9
78755,15,COMPLEXE CULTUREL,L9
78756,15,LY IBN TOUMERT,L9
78656,15,IBN TOUMERT,L9
78657,15,AIN MZWAR,L9
78658,15,AR MENARA,L9
78659,15,GROUPE HONDA,L9
78660,15,GARE ONCF,L9
78661,15,OFFICE HAOUZE,L9
78662,15,GRAND POSTE,L9
78518,15,BAB DOUKALA,L9
78596,15,BOUKAR. BAB DOUKALA,L9
78597,15,ALFA 2000,L9
78598,15,HOTEL REDOUANE,L9
78599,15,RUE PALESTINE,L9
78600,15,PSCINE MUNICIPALE,L9
78601,15,TAQADOM,L9
78602,15,SPANA,L9
78748,15,PH ARIHA,L9
69695,15,BAB LKHMIS,L9
78749,15,QCHICH,L9
78750,15,DAR DBAGH,L9
78751,15,LOADA SAIDIA,L9
78752,15,BAB AYLAN,L9
78664,15,BAB GHMAT,L9
78665,15,LMPPE,L9
78666,15,BAB AHMER,L9
78667,15,LEMSELAH,L9
78668,15,SOUK SYBA,L9
78757,15,JBILAT,L9
78758,15,ALWAHA,L9
78759,15,DOUAR DLAM,L9
78501,16,JAMAA EL FNA,L10
78502,16,KOUTOUBIA,L10
78503,16,HOTEL DE VILLE,L10
78555,16,BAB LAARISSA,L10
78518,16,BAB DOUKALA,L10
78620,16,GRAND POSTE,L10
78621,16,OFFICE HAOUZE,L10
79085,16,GARE ONCF,L10
78622,16,GROUPE HONDA,L10
78623,16,AR MENARA,L10
78624,16,AIN MEZWAR,L10
78625,16,IBN TOUMERT,L10
78763,16,LY IBN TOUMERT,L10
78765,16,LY IBN TOUMERT 1,L10
78766,16,ANALIBE,L10
78767,16,RESIDENCE HARTI,L10
69696,16,ECOLE MANAR,L10
78768,16,MASSIRA1,L10
78769,16,ISTA OFPPT,L10
78684,16,OP FARACHA,L10
78685,16,MASSIRA 3,L10
78775,17,BERRADI 2 MHAMID,L11
78776,17,COMPLEXE HOUSSNA,L11
78777,17,CAFE ZAHRAT ALHOUSSA,L11
78778,17,MOSQUEE HOUSSNA,L11
78779,17,PH MAATLAH,L11
78780,17,MOSQUEE MAATLAH,L11
78781,17,ANNAHDA,L11
78782,17,ECOLE BADR,L11
78783,17,MHAMID 3,L11
78784,17,CAFE HICHAM,L11
78785,17,CAFE BOUGHAZ,L11
78786,17,QWASS,L11
78787,17,CLINIQUE AEROPORT,L11
78788,17,AEOROPORT,L11
78789,17,BOUAKAZ,L11
78790,17,JARDIN MENARA,L11
78791,17,MENARA MALL,L11
78792,17,SOFITEL,L11
78502,17,KOUTOUBIA,L11
78503,17,HOTEL DE VILLE,L11
78555,17,BAB LAARISSA,L11
78518,17,BAB DOUKALA,L11
78595,18,BAB DOUKALA,L12
78531,18,HOTEL DE VILLE,L12
69690,18,KOUTOUBIA,L12
78811,18,SOFITEL,L12
78812,18,MENARA MALL,L12
78813,18,JARDIN MENARA,L12
78814,18,BOUAKAZ,L12
78815,18,AEOROPORT,L12
78816,18,CLINIQUE AEROPORT,L12
78817,18,QWASS,L12
78841,18,GUEMASSA AVE,L12
78842,18,ANCIEN MHAMID 1 L 12,L12
78843,18,LES JARDINS DES ORANGERS,L12
78844,18,ENTREE SAADA 3 MHAMID,L12
78845,18,CHKILI,L12
78846,18,CAFE ALIBTISSAMA,L12
78847,18,RES IMAM SOUHILI,L12
78848,18,ENTREE MHAMID 9,L12
78849,18,RES BORJ GUEMASSA,L12
78850,18,MHAMID 9,L12
69698,19,MASSIRA 3,L13
78687,19,OP FARACHA,L13
78688,19,LY MY RCHID,L13
78873,19,MASSIRA 2,L13
78874,19,MASSIRA 1C,L13
78646,19,CAFE EL MANZEH,L13
78647,19,PH HAY HASSANI,L13
78648,19,LY SALAH EDDINE,L13
78875,19,MASS COTE ANWAL,L13
78876,19,OPERATION RAJAE,L13
78771,19,ECOLE MANAR,L13
78772,19,RESIDENCE HARTI,L13
78773,19,ANALIBE,L13
78774,19,LY IBN TOUMERT 1,L13
78756,19,LY IBN TOUMERT,L13
78656,19,IBN TOUMERT,L13
78657,19,AIN MZWAR,L13
78658,19,AR MENARA,L13
78659,19,GROUPE HONDA,L13
78660,19,GARE ONCF,L13
78661,19,OFFICE HAOUZE,L13
78662,19,GRAND POSTE,L13
78518,19,BAB DOUKALA,L13
78519,19,BEN TBIB,L13
78520,19,CLUB MINISTRE JUSTICE,L13
78521,19,ROUIDATE,L13
78522,19,FAC SEMLALIA,L13
78860,19,ECOLE BACHIR,L13
78861,19,ECOLE ZOLA,L13
78877,19,LYCEE CADI AYAD,L13
78878,19,ALWARDA,L13
78719,19,BOCADILLOS CHOAIB,L13
78720,19,AMERCHICH,L13
78721,19,RUE UNIVRSITAIRE,L13
78722,19,AL BADII,L13
78723,19,CMR ISSIL,L13
78724,19,MALIZIA,L13
78725,19,MALIZIA 2,L13
78726,19,MARJANE,L13
78727,19,DIAR MARJANE,L13
78728,19,SAADA,L13
78729,19,BANQUE POPULAIRE,L13
78730,19,IZDIHAR,L13
78871,19,ATTIJARI IZDIHAR,L13
78872,19,SANAWBAR,L13
78501,20,JAMAA EL FNA,L14
78503,20,HOTEL DE VILLE,L14
78555,20,BAB LAARISSA,L14
78518,20,BAB DOUKALA,L14
78620,20,GRAND POSTE,L14
78621,20,OFFICE HAOUZE,L14
79085,20,GARE ONCF,L14
78622,20,GROUPE HONDA,L14
78623,20,AR MENARA,L14
78624,20,AIN MEZWAR,L14
78883,20,DR LAASKAR,L14
78884,20,ISTA ISGI,L14
78885,20,ISTA ISIM,L14
78886,20,LY MOHAMED 6,L14
78887,20,IZIKI 1,L14
78888,20,FERAN TRAB,L14
78889,20,DAR RAIBA,L14
78890,20,PHARMACIE HILAL,L14
85062,20,ECOLE ASAFIR,L14
85063,20,COLLEGE IWI,L14
85064,20,COLLEGE AZLI,L14
85065,20,PISSINE AZLI,L14
85066,20,PH FAMILLE,L14
85067,20,JARDAIN AZLI,L14
85068,20,PATESRIE IMRAN,L14
85069,20,COLLEGE IWI 2,L14
78891,20,AZLI SUD,L14
69784,21,ARSET BILK,L15
78503,21,HOTEL DE VILLE,L15
78518,21,BAB DOUKALA,L15
78516,21,BEN TBIB,L15
78515,21,CLUB MINISTRE JUSTICE,L15
78514,21,ROUIDATE,L15
78513,21,FAC SEMLALIA,L15
85019,21,CAFE AMIN,L15
78901,21,MC DONALDS,L15
69785,21,JNAN AWRAD,L15
78902,21,"ATTIJARI S,GHANEM",L15
78501,22,JAMAA EL FNA,L16
78502,22,KOUTOUBIA,L16
78503,22,HOTEL DE VILLE,L16
78555,22,BAB LAARISSA,L16
78518,22,BAB DOUKALA,L16
78505,22,CAREE EDEN,L16
78506,22,PL ABDELMOUMEN,L16
78929,22,PETIT MARCHE,L16
78930,22,LY VIKTOR HUGO,L16
78931,22,MOSQUE SBAIS,L16
78932,22,DOUAR SBAIS 1,L16
78933,22,DOUAR SBAIS,L16
78934,22,PONT,L16
78935,22,ENTREE TARGA,L16
78936,22,CLINIQUE RAHMA,L16
78937,22,DOUAR SID DAOU,L16
78938,22,MOSQUE CHAOF,L16
78939,22,MARCHE NOA,L16
78940,22,GANDAFI 2,L16
78941,22,"WARDA , TARGA",L16
78942,22,GANDAFI 1,L16
78943,22,ISTA CHAOF,L16
78944,22,SIDI GHANM,L16
78945,22,PH DAKAR,L16
78946,22,PH BAB MANSOUR,L16
78947,22,AZZOUZIA,L16
78502,23,KOUTOUBIA,L17
78503,23,HOTEL DE VILLE,L17
78555,23,BAB LAARISSA,L17
78518,23,BAB DOUKALA,L17
78965,23,BOUKAR CAFE AYMANE,L17
78966,23,WILAYA,L17
78967,23,RMA QAMRA,L17
78968,23,TIKIDA,L17
78969,23,ECOLE IMAM ALI,L17
78970,23,TAMSNA,L17
78971,23,DIOUR LBOUNE,L17
78972,23,ATACADAO,L17
78973,23,HOTEL RIO,L17
78974,23,ATLASSI,L17
78975,23,DOUAR LGARNE,L17
78976,23,RUE OUARZAZATE,L17
78977,23,RUE OUARZAZATE 2,L17
78978,23,JENAIMA,L17
78979,23,DAR CHERIF,L17
78980,23,DAR CHERIF 1,L17
78981,23,CENTRE AMERICAIN ENTREE,L17
78982,23,CENTRE AMERICAIN,L17
79002,24,TERMINUS EL BARAKA,L18
79003,24,MOSQUÚ AMIRA,L18
79004,24,SWIKAT MAATLLAH,L18
79005,24,POSTE POLICE MAATLLAH,L18
79006,24,MAATLLAH 2,L18
79007,24,MAATLLAH,L18
79008,24,ALWAHA MHAMID,L18
79009,24,IMAM MOUSSLIM,L18
79010,24,ANCIEN MHAMID 2,L18
79011,24,ANCIEN MHAMID 1,L18
79012,24,MOHAMED BAQAL,L18
78784,24,CAFE HICHAM,L18
78785,24,CAFE BOUGHAZ,L18
78786,24,QWASS,L18
78787,24,CLINIQUE AEROPORT,L18
78788,24,AEOROPORT,L18
78789,24,BOUAKAZ,L18
78790,24,JARDIN MENARA,L18
78791,24,MENARA MALL,L18
79013,24,LE MERIDIEN,L18
79014,24,LYCEE HASSAN 2,L18
78661,24,OFFICE HAOUZE,L18
78662,24,GRAND POSTE,L18
78518,24,BAB DOUKALA,L18
78501,25,JAMAA EL FNA,L19
78502,25,KOUTOUBIA,L19
78518,25,BAB DOUKALA,L19
78505,25,CAREE EDEN,L19
79025,25,GARE TRAIN ONCF,L19
79016,25,LE MERIDIEN,L19
78812,25,MENARA MALL,L19
78813,25,JARDIN MENARA,L19
78815,25,AEOROPORT,L19
79024,25,ENTREE AEROPOT,L19
78663,26,BAB GHMAT TERMINUS,L20
78664,26,BAB GHMAT,L20
78665,26,LMPPE,L20
78666,26,BAB AHMER,L20
78667,26,LEMSELAH,L20
78668,26,SOUK SYBA,L20
78669,26,AIT AL ARIF,L20
78670,26,IMOUZER,L20
78671,26,HAY RYAD,L20
78672,26,BAB AGDAL,L20
78673,26,SIDI AMARA,L20
78674,26,BAB KSIBA,L20
78675,26,BAB RAB,L20
78676,26,SIDI MIMOUN,L20
78811,26,SOFITEL,L20
78812,26,MENARA MALL,L20
78813,26,JARDIN MENARA,L20
78814,26,BOUAKAZ,L20
78815,26,AEOROPORT,L20
78816,26,CLINIQUE AEROPORT,L20
78817,26,QWASS,L20
78818,26,CAFE BOUGHAZ,L20
78819,26,CAFE HICHAM,L20
79017,26,MOHAMED BAQAL,L20
79018,26,ANCIEN MHAMID 1,L20
79019,26,ANCIEN MHAMID 2,L20
79020,26,IMAM MOUSSLIM,L20
79021,26,ALWAHA MHAMID,L20
79022,26,MAATLLAH,L20
79023,26,MAATLLAH 2,L20
79026,26,PH SIMOU,L20
79027,26,TERMINUS MAATLLAH,L20
78816,27,CLINIQUE AEROPORT,L21
78817,27,QWASS,L21
78818,27,CAFE BOUGHAZ,L21
78819,27,CAFE HICHAM,L21
79017,27,MOHAMED BAQAL,L21
79018,27,ANCIEN MHAMID 1,L21
79019,27,ANCIEN MHAMID 2,L21
79020,27,IMAM MOUSSLIM,L21
79021,27,ALWAHA MHAMID,L21
79022,27,MAATLLAH,L21
79023,27,MAATLLAH 2,L21
79026,27,PH SIMOU,L21
79030,27,AUTO ECOLE TAIBA,L21
79031,27,IZIKI,L21
79032,27,DAR RAIBA 1 L21,L21
79033,27,FERAN TRAB L 21,L21
79034,27,AVENUE LAAYOUNE,L21
79035,27,AHBASS,L21
78772,27,RESIDENCE HARTI,L21
78773,27,ANALIBE,L21
78774,27,LY IBN TOUMERT 1,L21
78764,27,COMPLEXE CULTUREL,L21
78762,28,BAB DOUKALA CIMETIERE,L22
78620,28,GRAND POSTE,L22
78621,28,OFFICE HAOUZE,L22
79085,28,GARE ONCF,L22
78622,28,GROUPE HONDA,L22
78623,28,AR MENARA,L22
78624,28,AIN MEZWAR,L22
78625,28,IBN TOUMERT,L22
78626,28,SOUK AZLI L5,L22
78627,28,USINE COCACOLA,L22
78628,28,PISCINE MASSIRA,L22
78629,28,DR IZIKI,L22
78630,28,AV ESSAOUIRA,L22
78631,28,ST OLIBYA,L22
79096,28,COMUN DR IZIKI,L22
79097,28,MARJANE RTE AGADIR,L22
79098,28,MY YAZID,L22
79099,28,FEKHARA,L22
79100,28,ENTREE SALAM,L22
79101,28,CAIDAT SAADA,L22
79102,28,DR FRONCOIS,L22
79103,28,DR LBACHA,L22
79104,28,ENTREE SOUIHLA,L22
79105,28,STATION ZYAN,L22
79106,28,BOUTIQUE QADOR,L22
79107,28,AZIB FELIL,L22
79108,28,CORPERATIVE DE LAIT,L22
79109,28,CUMUN OUDAYA,L22
79110,28,SOUK OUDAYA,L22
79111,28,DR BEN SBEAA,L22
79112,28,STATION BABA,L22
79113,28,DR CHRARDA,L22
79114,28,KHOUADRA,L22
79115,28,KHOUADRA 1,L22
79116,28,AIT MBARK,L22
79117,28,ENTREE SIDI ZOUIN 2,L22
79118,28,PONT.,L22
79119,28,COMUN SIDI ZOUIN,L22
79120,28,SIDI ZOUINE,L22
78762,29,BAB DOUKALA CIMETIERE,L23
78505,29,CAREE EDEN,L23
78506,29,PL ABDELMOUMEN,L23
78929,29,PETIT MARCHE,L23
78930,29,LY VIKTOR HUGO,L23
78931,29,MOSQUE SBAIS,L23
78932,29,DOUAR SBAIS 1,L23
78933,29,DOUAR SBAIS,L23
78934,29,PONT,L23
78565,29,HAMMAM HILTON,L23
78566,29,CNSS,L23
78567,29,CARREFOUR,L23
78568,29,IMPOTS,L23
79165,29,ROUHI,L23
79166,29,BLOC 11,L23
79167,29,ECOLE BEN YAAKOUB,L23
79168,29,DOMAINE TARGA,L23
79169,29,RIAD SIROCCO,L23
79170,29,ECOLES MOURABITIYNE,L23
79171,29,DOMAINE MDPP,L23
79172,29,LMRABTINE 2,L23
79173,29,STATION CMH,L23
79174,29,TARGA B24,L23
78918,29,"ANCIEN TERMINUS S,GHANM",L23
79176,29,DR AASSILA,L23
79177,29,ECOLE AGRICULTURE,L23
79178,29,DR RAGUEB,L23
79179,29,DR RAGUEB 2,L23
79180,29,SOUIHLA,L23
79182,30,SIDI MIMOUN REGION,L24
79183,30,CEMETIERE BAB ROB,L24
79184,30,CHARIJ BGAR,L24
79185,30,CENTRAL POLICE BOUAKAZ,L24
79186,30,OIASIRIA,L24
79187,30,MOSQUE CHRIFIA,L24
79188,30,SELMANE CHRIFIA,L24
79189,30,COPREMA,L24
79190,30,OULED YAHYA,L24
79191,30,EDEN ANDALOU,L24
79192,30,ROYAL RANCHES,L24
79193,30,ROYAL PALM,L24
79194,30,UPM,L24
79195,30,ZARABA,L24
79196,30,DAR LAIN,L24
79197,30,AUBERGE TAMESLOHT,L24
79198,30,ENTREE TAMSLOHT,L24
79199,30,OFFICE AGRICULTURE,L24
79200,30,TAMSLOHT,L24
79182,31,SIDI MIMOUN REGION,L25
78695,31,BAB RAB,L25
78696,31,BAB KSIBA,L25
78697,31,SIDI AMARA,L25
79219,31,HOTEL MOGADOR,L25
79220,31,MAZAR,L25
79221,31,DR LEHNAA,L25
79222,31,PH RADIA LEHBICHAT,L25
79223,31,RESTAURANT BLADNA,L25
79224,31,TOUGGANA,L25
79225,31,PH MALAK,L25
79226,31,SIDI MOUSSA,L25
79227,31,JNANE LEILA,L25
79228,31,PLAGE ROUGE,L25
79229,31,OLIVE GARDEN,L25
79230,31,CAFE BAMHAOUI,L25
79231,31,LA VIE EN ROSE,L25
79232,31,HELICONIA,L25
79233,31,BOUAZZA,L25
79234,31,BOULAADAM,L25
79235,31,ATLAS TOWERS,L25
79236,31,AQUA PARC,L25
79237,31,O'ATLAS,L25
79238,31,EL HAMMADIA,L25
79239,31,PH OUED ISSIL,L25
79240,31,EL KINANI SHOW ROOM,L25
79241,31,LE PARADIS DE BERBERE,L25
79242,31,MAS D'OURIKA,L25
79243,31,MOSQUEE ERRAHMA,L25
79244,31,STATION TOTAL RTE OURIKA,L25
79245,31,KM 29,L25
79246,31,RPT GHMAT,L25
79247,31,ANIMA,L25
79248,31,LE PARADIS DU SAFRAN,L25
79249,31,ATLAS OURIKA CAFE,L25
79250,31,FERDOS CAFE,L25
79251,31,AAGRAB,L25
79252,31,ENTREE OURIKA,L25
79253,31,ARTISANA,L25
79254,31,PH CENTRAL OURIKA,L25
79255,31,OURIKA CENTRE,L25
79256,31,TNIN OURIKA,L25
79055,32,GARE ROUTIERE,L26
78965,32,BOUKAR CAFE AYMANE,L26
78966,32,WILAYA,L26
78967,32,RMA QAMRA,L26
78968,32,TIKIDA,L26
78969,32,ECOLE IMAM ALI,L26
78970,32,TAMSNA,L26
78971,32,DIOUR LBOUNE,L26
78972,32,ATACADAO,L26
78973,32,HOTEL RIO,L26
78974,32,ATLASSI,L26
79306,32,EL MHEMDIA1,L26
79307,32,LMHEMDIA 2,L26
79308,32,MAAIZOU,L26
79309,32,DAR MOUNIRA,L26
79310,32,OULED JALLAL,L26
79311,32,SOUK SEBT,L26
79312,32,OULED HASSOUN,L26
79313,32,SOUK NUMERO JEMAA,L26
79314,32,ZITOUNA,L26
79315,32,APPLE GARDENS HOTEL,L26
79316,32,DAR BAKKA,L26
79317,32,PH DAR BAKKA,L26
79318,32,DAR SEGUIA,L26
79319,32,BA HSSINA,L26
79320,32,PEPINIAIRE OUIDAN,L26
79321,32,OUIDANE,L26
78762,33,BAB DOUKALA CIMETIERE,L27
78620,33,GRAND POSTE,L27
78621,33,OFFICE HAOUZE,L27
79085,33,GARE ONCF,L27
78622,33,GROUPE HONDA,L27
78623,33,AR MENARA,L27
78624,33,AIN MEZWAR,L27
78625,33,IBN TOUMERT,L27
78626,33,SOUK AZLI L5,L27
78627,33,USINE COCACOLA,L27
78628,33,PISCINE MASSIRA,L27
78629,33,DR IZIKI,L27
78630,33,AV ESSAOUIRA,L27
78631,33,ST OLIBYA,L27
78632,33,OP TAFILELT,L27
78633,33,LY SALAH EDDINE,L27
78634,33,PH HAY HASSANI,L27
78635,33,CAFE EL MANZEH,L27
78636,33,MASS 1 C,L27
78637,33,MASS 2,L27
78638,33,RP DOHA,L27
78639,33,DOHA CENTRE,L27
78640,33,ENTREE DOHA,L27
78576,33,DOHA TERMINUS,L27
79356,33,ROUTE ESSOUIHLA,L27
79357,33,HARAS REGIONAL,L27
79358,33,BANQUE POPULAIRE,L27
79359,33,LHAJ LBAZ,L27
79360,33,AFAQ,L27
79361,33,SALLE FETE BERGHALI,L27
79362,33,LEMBRABTIN,L27
79363,33,TISSAFINE,L27
79364,33,AUTOECOLE LMRABTINE,L27
79365,33,DR JAMAA,L27
79383,34,BAB DOUKKALA,L28
72873,34,BIEBA,L28
72874,34,KAMRA,L28
72875,34,AIN ITTI,L28
72876,34,NAKHLA,L28
72877,34,DIOUR LBOUNE,L28
72878,34,ATACADAO,L28
72879,34,ROND POINT OUARZAZAT,L28
72880,34,MAAIZO,L28
72881,34,OULAD JALAL,L28
72882,34,SOUK SEBT,L28
72883,34,OULED HASSOUN,L28
72884,34,NUMERO JAMAA,L28
72885,34,EL FARMA,L28
72886,34,DAR BAKA,L28
72887,34,DOUAR HSINA,L28
72888,34,DAR LHMRA,L28
72889,34,TERMINUS 26,L28
79384,34,RASS LHITT,L28
79385,34,CHRARDA,L28
79386,34,BENDRIOUICH,L28
79387,34,DAR LAATAR,L28
79388,34,GHRABIL,L28
79389,34,HAJ MILOUD,L28
79390,34,COMMUNE JAIDAT,L28
79391,34,DOUAR LBTMA,L28
79392,34,BILGNATER,L28
79393,34,TALAJAT LMNAIE,L28
79394,34,HSINIA,L28
79395,34,CAFE BEN ALLAL,L28
79396,34,AIT RAHL,L28
79397,34,SOUK LHAD,L28
79398,34,SISSAN,L28
79399,34,VILLAGE,L28
79400,34,COMMUNE RASS LAIN,L28
79401,34,DOUAR LMAACHAT,L28
79402,34,DOUAR LAAZIB,L28
79403,34,STATION AFRIQUIA,L28
79404,34,BOHOLA,L28
79405,34,TLOH,L28
79406,34,STATION TLOH,L28
79407,34,DOUAR HMIDA,L28
79408,34,DOUAR TOUMI,L28
79409,34,STATION HAJAR,L28
79410,34,CAFE GLASSIA,L28
79411,34,DAR CHABAB,L28
79412,34,COMMUNE TAMELALT,L28
79413,34,CAFE BOUSTANE,L28
78709,35,BAB GHMAT 2,L29
79416,35,OUED ISSIL,L29
79417,35,RTE WAHA,L29
79418,35,AMAN JENNA,L29
79419,35,CORALIA GROUPE ADDOHA,L29
79420,35,BOULHLIB,L29
79421,35,PLAQUE DJAJ,L29
79422,35,SAKKA BRIK,L29
79423,35,EL GUESSAB,L29
79424,35,STATION LA NATURE,L29
79425,35,DOUAR LAADAM,L29
79426,35,SAKKA BELHSSAN,L29
79427,35,LYCEE OUIDANE RTE AIT OURIR,L29
79428,35,ENTREE COUITER,L29
79429,35,POSTE CHOUITER,L29
79430,35,CHOUITER,L29
79431,35,ELBADSSIA,L29
79432,35,EL FERRAN,L29
79433,35,OULED LGARN,L29
79434,35,AYA BRIK,L29
79435,35,RESIDENCE TOURISTIQUE,L29
79436,35,RESEAUX POSTE,L29
79437,35,SAKKA BOUTOUIL,L29
79438,35,FERME LAFQIH,L29
79439,35,ALF TANSIFT,L29
79440,35,BOUTOUIL,L29
79441,35,ROUTE LOUZ,L29
79442,35,BOUTAMGERT,L29
79443,35,COMUN AIT FASSKA,L29
79444,35,RASS LGRILLAGE,L29
79445,35,LAAFAR,L29
79446,35,ENTREE AIT OURIR,L29
79447,35,AUTO ECOLE,L29
79448,35,AIT MANSOUR,L29
79449,35,WINXO,L29
79450,35,PH RIHAB,L29
79451,35,TOLIER,L29
79452,35,DR CHEMCH AIT OURIR,L29
79453,35,OMAR RAZO,L29
79454,35,COQ HARDY,L29
79455,35,STATION SAMIR,L29
79456,35,AMQDAR,L29
79457,35,BNO ZOURAN,L29
79458,35,PARQUE BUS AIT OURIR,L29
78960,36,PONT V,L30
78961,36,DOUAR SBAIS,L30
78962,36,DOUAR SBAIS 1,L30
78963,36,MOSQUE SBAIS,L30
85076,36,PIZZA HUT,L30
85078,36,LABORATOIR VICTOR HUGO,L30
78559,36,HAY ZAYTOUN 2,L30
85080,36,GARE ONCF,L30
79085,36,GARE ONCF,L30
78622,36,GROUPE HONDA,L30
85081,36,ROND POINT MENARA,L30
85083,36,HOSPITAL BN SINA,L30
78707,37,TERRAIN SYBA,L31
78909,37,"ANCIEN TERMINUS S,GHANM",L31
735001,38,BAB GHMAT DEPART,L32
735002,38,AIN SLIM DWAR 1,L32
735003,38,AIN SLIM DWAR 2,L32
69632,39,MARCHE SAADA,L33
69633,39,LWAD,L33
69634,39,MOULAY LYAMIN,L33
69635,39,LHANOUT,L33
69636,39,HDIDOUR,L33
69637,39,ECOLE HOUIDRA,L33
69638,39,HOUIDRA,L33
69639,39,DOUAR DRAOUA,L33
69640,39,MOUSQUE JADID,L33
69641,39,MOUSQUE LKDIM,L33
69642,39,DAR ZOUFRI,L33
69643,39,OULAD BEN SBAA,L33
72997,39,CENTRE OULAD BEN SBAA,L33
79129,39,SOUK OUDAYA,L33
79182,40,SIDI MIMOUN REGION,L35
79183,40,CEMETIERE BAB ROB,L35
79184,40,CHARIJ BGAR,L35
79185,40,CENTRAL POLICE BOUAKAZ,L35
79186,40,OIASIRIA,L35
79586,40,CHRIFIA,L35
79587,40,NORIA GOLF CLUB,L35
79588,40,COS,L35
79589,40,JNAN FAYZA,L35
72948,40,ALIANCES,L35
79590,40,ZARABA RTE TAHNAOUT,L35
79591,40,DOUAR CHIBANI,L35
79592,40,ECOLE ALAL BEN ABDLLH,L35
79593,40,AGHWATIM,L35
79594,40,JARDINS MANSOURIA,L35
79595,40,TADART,L35
79596,40,OULED RAHOU,L35
79597,40,ECOLE HMAN FETWAKI,L35
79598,40,BEN CHAIKH,L35
79599,40,COMUN AGHWATIM,L35
79600,40,TIDRARA,L35
79601,40,TOUGHMIRT,L35
79602,40,LES PARIS D ATLAS,L35
79603,40,LES JARDINS DES ROSES,L35
79604,40,MINISTRE TRANS DIV TAHNAOUT,L35
79605,40,PROVINCE TAHNAOUT,L35
79606,40,ALI BOUFARSS,L35
79607,40,TAHNAOUT ANAPEC,L35
79608,40,HOTEL NZAHA,L35
79609,40,SOUK TAHNAOUT,L35
79610,40,HEMMAM GUERMAI,L35
79611,40,ANCIEN TAHNAOUT,L35
79612,40,HAY SOUR,L35
79613,40,TLAT MAGHAN,L35
79614,40,TAHNAOUT,L35
79055,41,GARE ROUTIERE,L36
78596,41,BOUKAR. BAB DOUKALA,L36
78597,41,ALFA 2000,L36
78598,41,HOTEL REDOUANE,L36
78716,41,PAIN QUOTIDIEN,L36
78717,41,ENCG,L36
78718,41,PH ASSIF,L36
78879,41,ALWARDA,L36
78723,41,CMR ISSIL,L36
78724,41,MALIZIA,L36
78725,41,MALIZIA 2,L36
79653,41,MARJANE RTE CASA,L36
79654,41,IRAKI,L36
79655,41,ENTREE PALEMERAIS,L36
79656,41,PONT TANSIFT,L36
79657,41,DAR DMANA,L36
79658,41,ABWAB FELLAH,L36
79659,41,HOTEL OIASIRIA,L36
79660,41,HOTEL SANGHO,L36
79661,41,OUAHAT SIDI BRAHIM,L36
79662,41,CHEZ ALI,L36
79663,41,FANTAZIA,L36
79664,41,BEL AAGID,L36
78518,42,BAB DOUKALA,L38
78519,42,BEN TBIB,L38
78520,42,CLUB MINISTRE JUSTICE,L38
78521,42,ROUIDATE,L38
78522,42,FAC SEMLALIA,L38
78523,42,CAFE AMINE,L38
78718,42,PH ASSIF,L38
79686,42,MME PLAZA,L38
79653,42,MARJANE RTE CASA,L38
79654,42,IRAKI,L38
79687,42,RPT TANSIFT,L38
79688,42,GRAND TERRAIN,L38
79689,42,JENNAT ZITOUN,L38
79690,42,USINE JAOUDA,L38
79691,42,AUTOHALLL,L38
79692,42,MENARA BRIQUES,L38
79693,42,PEPSI,L38
79694,42,ENTREE AUTOROUTE CASA,L38
79695,42,ANNEXE PALEMAIRIE,L38
79696,42,RTE CASA,L38
79697,42,KM 21,L38
79698,42,DAR DLIMI,L38
79699,42,SALASS,L38
79700,42,BO KRICHA,L38
79701,42,SAKKA OULED TALHA,L38
79702,42,BIR NHASS,L38
79703,42,PH WAEL,L38
79704,42,ENTREE SIDI BOUATHMANE,L38
79705,42,SIDI BOUATHMANE,L38
79706,42,CENTRE AGRICULTURE,L38
79707,42,LA GARE,L38
79708,42,SAFWA GRAINS,L38
79709,42,DEKRA,L38
79710,42,USINE BIGOUR,L38
79711,42,DOUAR DOUABAT,L38
79712,42,LEMAATLA,L38
79713,42,USINE CITRAKO,L38
79714,42,ONEP RTE BENGUERIR,L38
79715,42,SAYD,L38
79716,42,LMANBHA,L38
79717,42,DRAA ZITOUN,L38
79718,42,SI SALEH,L38
79719,42,USINE OEUFS RHAMNA,L38
79720,42,JEMAA LEAARARCHA,L38
79721,42,ROSE DU DESERT,L38
79722,42,NZALT LAADAM,L38
79723,42,BASE MILITAIRE,L38
79724,42,RGUIBATE,L38
79725,42,AIR DE REPO,L38
79726,42,COMPLEXE CULTUREL 2,L38
79727,42,ENTREE BEN GUERIR,L38
79728,42,CENTRE DE FORMTION DES METIER,L38
79729,42,BEN GUERIR,L38
78709,43,BAB GHMAT 2,L39
79416,43,OUED ISSIL,L39
79417,43,RTE WAHA,L39
79775,43,AMELKIS 3,L39
79776,43,DOMAINE GRAOUA,L39
79777,43,MARADISE,L39
79778,43,BEN AMMAR,L39
79779,43,MAHAL,L39
79780,43,LBU,L39
72958,43,TERRE KHAYR,L39
72959,43,AALIMIA,L39
79781,43,MOSQUE BEN AAMAR,L39
72960,43,SRAYRI,L39
79782,43,SRAYRI 2,L39
79783,43,RIAD QODWA,L39
72961,43,PALAIS GHIAT,L39
79784,43,SIDI ABDLLAH GHIAT,L39
79785,43,PH ALBER,L39
79786,43,KM 19,L39
79787,43,RTE GHMAT,L39
79788,43,KASBAH AMEZROU,L39
79789,43,DOUAR KASBAH,L39
79790,43,MOSQUE TISILA,L39
79791,43,STATION DE CONCASSEUR,L39
79792,43,BOUCHERIE TARICHT,L39
79793,43,UNITE MEFTAH KHAYR,L39
79794,43,RTE AITOURIR,L39
79795,43,SEDRA,L39
79796,43,OUSSOUSS,L39
79797,43,CENTRE FORMATION DE FEMME,L39
79798,43,RESTAURANT ASOUNFOU,L39
79799,43,ENTREE TAMAZOUZT,L39
79800,43,TAMAZOUZT,L39
79865,44,AMIZMIZ,L41
79866,44,CENTRE AMIZMIZ,L41
79867,44,MUNISIPALITE AMIZMIZ,L41
79868,44,PISCINE AMIZMIZ,L41
79869,44,ENTREE AMIZMIZ,L41
79870,44,RIAD AMIZMIZ,L41
79871,44,TIGENZIWINE,L41
79872,44,SIDI BEDHAJ,L41
79873,44,KASBAH AGOUMAR,L41
79874,44,JNAN AICHA,L41
79875,44,COMUN BEDHAJ,L41
79876,44,COPERATIVE BARAKA,L41
79877,44,BERRAKA,L41
79878,44,DOUAR TAYZILT,L41
79879,44,LYCEE SAD NFIS,L41
79880,44,LALA TAKERKOUSST,L41
79881,44,DAR ZAGORA,L41
79882,44,TIWILI 2,L41
79883,44,TIWILI,L41
79884,44,DOUAR LHJAR 2,L41
79885,44,DOUAR LEHJAR,L41
79886,44,CTT,L41
79887,44,DIRECTION GUEMASSA,L41
79888,44,USINE GUEMASSA,L41
79889,44,TOUKHRIBIN 2,L41
79890,44,TOUKHRIBIN,L41
79891,44,KM 34,L41
79892,44,ASSOCIATION ELOUAFAA,L41
79893,44,ECOLE TASSAOUT,L41
79894,44,AGADIR TASSAOUT,L41
79895,44,AGADIR TASSAOUT 2,L41
79896,44,AZIB 2,L41
79897,44,AZIB SCOM,L41
79898,44,MAISON D'ENFANCE,L41
79899,44,DERB CHEMCH 2,L41
79900,44,DERB CHEMCH,L41
79901,44,DAR BOUIDAR,L41
79604,44,MINISTRE TRANS DIV TAHNAOUT,L41
79605,44,PROVINCE TAHNAOUT,L41
79606,44,ALI BOUFARSS,L41
79607,44,TAHNAOUT ANAPEC,L41
79821,44,HOPITAL MED 5,L41
78518,45,BAB DOUKALA,L43
78620,45,GRAND POSTE,L43
78621,45,OFFICE HAOUZE,L43
79085,45,GARE ONCF,L43
78622,45,GROUPE HONDA,L43
78623,45,AR MENARA,L43
78624,45,AIN MEZWAR,L43
78625,45,IBN TOUMERT,L43
78626,45,SOUK AZLI L5,L43
78627,45,USINE COCACOLA,L43
78628,45,PISCINE MASSIRA,L43
78629,45,DR IZIKI,L43
78630,45,AV ESSAOUIRA,L43
78631,45,ST OLIBYA,L43
79096,45,COMUN DR IZIKI,L43
79097,45,MARJANE RTE AGADIR,L43
79098,45,MY YAZID,L43
79099,45,FEKHARA,L43
79100,45,ENTREE SALAM,L43
79101,45,CAIDAT SAADA,L43
79102,45,DR FRONCOIS,L43
79103,45,DR LBACHA,L43
79104,45,ENTREE SOUIHLA,L43
79105,45,STATION ZYAN,L43
79106,45,BOUTIQUE QADOR,L43
79107,45,AZIB FELIL,L43
79108,45,CORPERATIVE DE LAIT,L43
79109,45,CUMUN OUDAYA,L43
79110,45,SOUK OUDAYA,L43
79111,45,DR BEN SBEAA,L43
79112,45,STATION BABA,L43
79113,45,DR CHRARDA,L43
79114,45,KHOUADRA,L43
79115,45,KHOUADRA 1,L43
79116,45,AIT MBARK,L43
72978,45,ENTREE SIDI ZOUIN,L43
79933,45,STATION HOULI,L43
72979,45,ENTREE AUTOROUTE,L43
79934,45,CIMENT DU MAROC,L43
79935,45,ENTEE MZOUDIA,L43
79936,45,MZOUDIA CENTRE,L43
79937,45,SORTIE MZOUDIA,L43
79938,45,OUAD BOULKHRASS,L43
79939,45,AIN BAYDA,L43
79940,45,ENTREE CHEMAIA,L43
79941,45,RESEAUX,L43
72980,45,DR BATMA,L43
79942,45,DR DRAWA,L43
79943,45,DR MACHO,L43
79944,45,MOSQUE CHICHAOUA,L43
79945,45,SALON NAHDA,L43
79946,45,ONE,L43
79947,45,HOPITAL M6 CHICHAOUA,L43
79948,45,THEATRE,L43
79949,45,CHICHAOUA,L43
79968,46,ASWAK SALAM,L44
78519,46,BEN TBIB,L44
78520,46,CLUB MINISTRE JUSTICE,L44
78521,46,ROUIDATE,L44
78522,46,FAC SEMLALIA,L44
78523,46,CAFE AMINE,L44
78901,46,MC DONALDS,L44
78902,46,"ATTIJARI S,GHANEM",L44
78903,46,IZDIHAR EN FACE SUZUKI,L44
78904,46,ANCIEN GARAGE ALSA,L44
69677,46,CENTRE POLICE 13EME,L44
79973,46,MARJANA,L44
69676,46,STATION DE TRAITEMENT D'EAU,L44
79974,46,ENTREE WAHA SIDI BRAHIM,L44
79975,46,CO GEMAT,L44
79976,46,DOUAR LQAYD,L44
79977,46,ILIMAR,L44
79978,46,PH CHICHID,L44
79979,46,EST MATERIAUX,L44
79980,46,ACHAHOUR,L44
79981,46,PH ABWAB TAMNSORT,L44
79982,46,SOSMG,L44
79983,46,ENTREE TAMNSORT,L44
79984,46,ALOMRANE,L44
79985,46,HARBIL,L44
79986,46,DRAA,L44
79987,46,LAACHACHE,L44
79988,46,USINE RKHAM,L44
79989,46,SIFRE,L44
79990,46,KM 53,L44
79991,46,SOUK KETTARA,L44
79992,46,COMUN LMNABHA,L44
79993,46,KETTARA,L44
79994,46,ENTREE KETTARA,L44
79995,46,LMASRD,L44
79996,46,USINE POULET,L44
79997,46,LAAZRI,L44
79998,46,BROYCHIM,L44
79999,46,DWIWATE,L44
69501,46,ENTRE CENTRE 44,L44
72983,46,CENTRE 44,L44
79182,47,SIDI MIMOUN REGION,L45
79183,47,CEMETIERE BAB ROB,L45
79184,47,CHARIJ BGAR,L45
79185,47,CENTRAL POLICE BOUAKAZ,L45
79186,47,OIASIRIA,L45
79187,47,MOSQUE CHRIFIA,L45
79188,47,SELMANE CHRIFIA,L45
79189,47,COPREMA,L45
79190,47,OULED YAHYA,L45
79191,47,EDEN ANDALOU,L45
79192,47,ROYAL RANCHES,L45
79193,47,ROYAL PALM,L45
79194,47,UPM,L45
79195,47,ZARABA,L45
69532,47,LAOUINA,L45
69533,47,DAR LAAIN,L45
69534,47,TAJ OMAYMA,L45
69535,47,RENTAL WEDDINGS TAJ,L45
69536,47,SHEMMOON SPA,L45
69537,47,OUMNAS,L45
72986,47,GUEMASSA,L45
79919,47,DAR ZAGORA,L45
79920,47,LALA TAKERKOUSST,L45
72977,47,LYCEE SAD NFIS V,L45
79921,47,DOUAR TAYZILT,L45
79922,47,BERRAKA,L45
79923,47,CORPERATIVE BARAKA,L45
79924,47,COMUN BEDHAJ,L45
79925,47,JNAN AICHA,L45
79926,47,KASBAH AGOUMAR,L45
79927,47,SIDI BEDHAJ,L45
79928,47,TIGENZIWINE,L45
79929,47,RIAD AMIZMIZ,L45
79930,47,ENTREE AMIZMIZ,L45
69645,47,PISCINE AMIZMIZ,L45
79931,47,MUNISIPALITE AMIZMIZ,L45
79932,47,CENTRE AMIZMIZ,L45
79081,47,AMIZMIZ,L45
78501,48,JAMAA EL FNA,L66
78502,48,KOUTOUBIA,L66
78503,48,HOTEL DE VILLE,L66
78555,48,BAB LAARISSA,L66
78518,48,BAB DOUKALA,L66
78620,48,GRAND POSTE,L66
78621,48,OFFICE HAOUZE,L66
79085,48,GARE ONCF,L66
78622,48,GROUPE HONDA,L66
78623,48,AR MENARA,L66
78624,48,AIN MEZWAR,L66
78625,48,IBN TOUMERT,L66
79041,48,SOUK AZLI,L66
79042,48,RUE TIZNIT,L66
78885,48,ISTA ISIM,L66
78886,48,LY MOHAMED 6,L66
78887,48,IZIKI 1,L66
78888,48,FERAN TRAB,L66
79043,48,MOSQUEE SOCOMA,L66
79044,48,RUE CHAJAR EL ARAK,L66
79045,48,DR BERRADA,L66
79046,48,MANFALOUTI,L66
79047,48,SOCOMA 1,L66
79048,48,SOCOMA,L66
79182,49,SIDI MIMOUN REGION,251
78695,49,BAB RAB,251
78696,49,BAB KSIBA,251
78697,49,SIDI AMARA,251
79219,49,HOTEL MOGADOR,251
79220,49,MAZAR,251
79221,49,DR LEHNAA,251
79222,49,PH RADIA LEHBICHAT,251
79223,49,RESTAURANT BLADNA,251
79224,49,TOUGGANA,251
79225,49,PH MALAK,251
79226,49,SIDI MOUSSA,251
79227,49,JNANE LEILA,251
79228,49,PLAGE ROUGE,251
79229,49,OLIVE GARDEN,251
79230,49,CAFE BAMHAOUI,251
79231,49,LA VIE EN ROSE,251
79232,49,HELICONIA,251
79233,49,BOUAZZA,251
79234,49,BOULAADAM,251
79235,49,ATLAS TOWERS,251
79236,49,AQUA PARC,251
79237,49,O'ATLAS,251
79238,49,EL HAMMADIA,251
79239,49,PH OUED ISSIL,251
79240,49,EL KINANI SHOW ROOM,251
79241,49,LE PARADIS DE BERBERE,251
79242,49,MAS D'OURIKA,251
79243,49,MOSQUEE ERRAHMA,251
79244,49,STATION TOTAL RTE OURIKA,251
79245,49,KM 29,251
69544,49,ENTREE GHMAT,251
72989,49,IAATARENE,251
69545,49,IMZOUREN,251
69546,49,GHMAT,251
79055,50,GARE ROUTIERE,L261
78965,50,BOUKAR CAFE AYMANE,L261
78966,50,WILAYA,L261
78967,50,RMA QAMRA,L261
78968,50,TIKIDA,L261
78969,50,ECOLE IMAM ALI,L261
78970,50,TAMSNA,L261
78971,50,DIOUR LBOUNE,L261
78972,50,ATACADAO,L261
78973,50,HOTEL RIO,L261
78974,50,ATLASSI,L261
79306,50,EL MHEMDIA1,L261
79307,50,LMHEMDIA 2,L261
79308,50,MAAIZOU,L261
79309,50,DAR MOUNIRA,L261
79310,50,OULED JALLAL,L261
79311,50,SOUK SEBT,L261
79312,50,OULED HASSOUN,L261
69550,50,PH NUMERO JEMAA,L261
69551,50,OULED BOUZID,L261
69552,50,ETTOUALEB,L261
79374,50,HARAS REGIONAL,L261
69553,50,KHREYF,L261
69554,50,BOUTIQUE JAMAL,L261
69555,50,MOULIN SRIDI,L261
69556,50,L HABITANT RESTAURANT,L261
69557,50,OULED SNAGUIA,L261
69558,50,OULED SNAGUIA 2,L261
69559,50,BOUTIQUE CHERRAT,L261
69560,50,RASS CHOUK,L261
69561,50,CHASSAMIR,L261
69562,50,KM 27,L261
69563,50,LYCEE SIDI DAOUD,L261
69564,50,BELAATTAR,L261
69565,50,SIDI DAOUD,L261
69566,50,LHAJ MBARK,L261
78591,50,HAY ZAYTOUN,L261
69568,50,DOUAR CHAMCH,L261
72991,50,BIN CHWANET,L261
72992,50,CENTRE FILTRATION,L261
69569,50,ZARABA RTE SIDI RAHAL,L261
69570,50,DR RESEAUX,L261
69571,50,DR BOUREBAA,L261
69572,50,ASIF NASSIM,L261
69573,50,DRHRAOUA,L261
69574,50,ECOLE HRAOUA,L261
69575,50,DR OULED GHERBAL,L261
69576,50,MOSQUE OULED GHERBAL,L261
69577,50,SEQAYA,L261
69578,50,PLAQUE FIAT,L261
69579,50,NAHL,L261
69580,50,CHARIJ,L261
69581,50,TAZEMOURT,L261
69582,50,ENTREE SIDI RAHAL,L261
69583,50,SIDI RAHAL CENTRE,L261
69584,50,SIDI RAHAL,L261
79055,51,GARE ROUTIERE,L262
78965,51,BOUKAR CAFE AYMANE,L262
78966,51,WILAYA,L262
78967,51,RMA QAMRA,L262
78968,51,TIKIDA,L262
78969,51,ECOLE IMAM ALI,L262
78970,51,TAMSNA,L262
78971,51,DIOUR LBOUNE,L262
78972,51,ATACADAO,L262
78973,51,HOTEL RIO,L262
78974,51,ATLASSI,L262
79306,51,EL MHEMDIA1,L262
79307,51,LMHEMDIA 2,L262
79308,51,MAAIZOU,L262
79309,51,DAR MOUNIRA,L262
79310,51,OULED JALLAL,L262
79311,51,SOUK SEBT,L262
79312,51,OULED HASSOUN,L262
69618,51,NUMERO JEMAA 1,L262
69619,51,LOT BADR,L262
69620,51,JNAN BRIK,L262
69621,51,LAHMINATE,L262
69622,51,ASSAKANE,L262
69623,51,DR AL HANA RESORT,L262
69624,51,ZAOUIAT BEN SASSI,L262
85015,52,ASWAK SALAM,L441
85016,52,MAJOREL,L441
85017,52,RWIDAT,L441
85018,52,SEMLLIA,L441
85019,52,CAFE AMIN,L441
85020,52,MACDO,L441
85021,52,NAJD,L441
85022,52,ENTRE IZDIHAR,L441
85023,52,MASSAR,L441
85024,52,POLICE13,L441
85025,52,MOSQUE MASSAR,L441
85026,52,RD AYACHI,L441
85027,52,TRAIT EAU,L441
85028,52,MOJAZIN,L441
85029,52,DR KAID1,L441
85030,52,DR KAID 2,L441
85031,52,OULAD MASOUD,L441
79980,52,ACHAHOUR,L441
85032,52,ST AFRIQUIA,L441
85033,52,ENTRE TAMNSORT,L441
85050,52,CAFE HAMDINO,L441
85051,52,ABASSIA,L441
85052,52,ECOL NAJAH,L441
85053,52,ST TAXI,L441
85054,52,JWAMIAA,L441
85055,52,MOSQUE AMINA,L441
85056,52,ECOL RIAD MAARIFA,L441
85057,52,DAR RIZK 1,L441
85058,52,DAR RIZK2,L441
85059,52,COMMUNE.HARBIL,L441
85060,52,STATION RESEAU,L441
85061,52,TERMINUS,L441
